Date,Open,High,Low,Close,Volume
2000-01-01,0.0,0.0,0.0,0.0,0.0
2023-11-10 00:00:00+00:00,0.0,0.0,0.0,13.56,2573293.0
2023-11-13 00:00:00+00:00,0.0,0.0,0.0,13.47,1726834.0
2023-11-14 00:00:00+00:00,0.0,0.0,0.0,13.6,2248536.0
2023-11-15 00:00:00+00:00,0.0,0.0,0.0,13.65,2196226.0
2023-11-16 00:00:00+00:00,0.0,0.0,0.0,14.06,1492737.0
2023-11-17 00:00:00+00:00,0.0,0.0,0.0,13.65,2839462.0
2023-11-20 00:00:00+00:00,0.0,0.0,0.0,14.1,2334607.0
2023-11-21 00:00:00+00:00,0.0,0.0,0.0,14.24,1763958.0
2023-11-22 00:00:00+00:00,0.0,0.0,0.0,14.47,1906416.0
2023-11-23 00:00:00+00:00,0.0,0.0,0.0,13.47,2234466.0
2023-11-24 00:00:00+00:00,0.0,0.0,0.0,14.1,3047832.0
2023-11-27 00:00:00+00:00,0.0,0.0,0.0,13.78,858289.0
2023-11-28 00:00:00+00:00,0.0,0.0,0.0,14.01,1414606.0
2023-11-29 00:00:00+00:00,0.0,0.0,0.0,14.19,1594617.0
2023-11-30 00:00:00+00:00,0.0,0.0,0.0,14.01,2130042.0
2023-12-01 00:00:00+00:00,0.0,0.0,0.0,14.24,1139652.0
2023-12-04 00:00:00+00:00,0.0,0.0,0.0,15.15,4045637.0
2023-12-05 00:00:00+00:00,0.0,0.0,0.0,15.1,1704024.0
2023-12-06 00:00:00+00:00,0.0,0.0,0.0,15.28,1771649.0
2023-12-07 00:00:00+00:00,0.0,0.0,0.0,14.88,5081524.0
2023-12-08 00:00:00+00:00,0.0,0.0,0.0,14.6,1290105.0
2023-12-11 00:00:00+00:00,0.0,0.0,0.0,14.6,1524539.0
2023-12-12 00:00:00+00:00,0.0,0.0,0.0,14.51,706355.0
2023-12-13 00:00:00+00:00,0.0,0.0,0.0,14.38,1539259.0
2023-12-14 00:00:00+00:00,0.0,0.0,0.0,14.42,1060007.0
2023-12-15 00:00:00+00:00,0.0,0.0,0.0,14.47,1308273.0
2023-12-18 00:00:00+00:00,0.0,0.0,0.0,14.28,1036957.0
2023-12-19 00:00:00+00:00,0.0,0.0,0.0,14.51,953855.0
2023-12-20 00:00:00+00:00,0.0,0.0,0.0,14.65,832284.0
2023-12-21 00:00:00+00:00,0.0,0.0,0.0,14.6,697227.0
2023-12-22 00:00:00+00:00,0.0,0.0,0.0,14.51,1238272.0
2023-12-25 00:00:00+00:00,0.0,0.0,0.0,14.47,1901890.0
2023-12-26 00:00:00+00:00,0.0,0.0,0.0,14.56,797081.0
2023-12-27 00:00:00+00:00,0.0,0.0,0.0,14.74,1468570.0
2023-12-28 00:00:00+00:00,0.0,0.0,0.0,14.65,969773.0
2023-12-29 00:00:00+00:00,0.0,0.0,0.0,14.6,747270.0
2024-01-02 00:00:00+00:00,0.0,0.0,0.0,14.47,1299385.0
2024-01-03 00:00:00+00:00,0.0,0.0,0.0,14.6,913451.0
2024-01-04 00:00:00+00:00,0.0,0.0,0.0,14.83,3411165.0
2024-01-05 00:00:00+00:00,0.0,0.0,0.0,14.92,1201638.0
2024-01-08 00:00:00+00:00,0.0,0.0,0.0,15.47,3663443.0
2024-01-09 00:00:00+00:00,0.0,0.0,0.0,15.33,1635533.0
2024-01-10 00:00:00+00:00,0.0,0.0,0.0,15.06,1669719.0
2024-01-11 00:00:00+00:00,0.0,0.0,0.0,15.28,1678852.0
2024-01-12 00:00:00+00:00,0.0,0.0,0.0,15.1,1592604.0
2024-01-15 00:00:00+00:00,0.0,0.0,0.0,14.74,1402718.0
2024-01-16 00:00:00+00:00,0.0,0.0,0.0,15.01,1061398.0
2024-01-17 00:00:00+00:00,0.0,0.0,0.0,15.1,2028391.0
2024-01-18 00:00:00+00:00,0.0,0.0,0.0,15.01,1500450.0
2024-01-19 00:00:00+00:00,0.0,0.0,0.0,14.97,991924.0
2024-01-22 00:00:00+00:00,0.0,0.0,0.0,15.19,1126325.0
2024-01-23 00:00:00+00:00,0.0,0.0,0.0,15.1,810321.0
2024-01-24 00:00:00+00:00,0.0,0.0,0.0,15.1,1527190.0
2024-01-25 00:00:00+00:00,0.0,0.0,0.0,15.1,513244.0
2024-01-26 00:00:00+00:00,0.0,0.0,0.0,15.1,654505.0
2024-01-29 00:00:00+00:00,0.0,0.0,0.0,15.01,522975.0
2024-01-30 00:00:00+00:00,0.0,0.0,0.0,15.06,1010671.0
2024-01-31 00:00:00+00:00,0.0,0.0,0.0,14.92,2623480.0
2024-02-01 00:00:00+00:00,0.0,0.0,0.0,15.33,1188211.0
2024-02-02 00:00:00+00:00,0.0,0.0,0.0,15.65,3702771.0
2024-02-05 00:00:00+00:00,0.0,0.0,0.0,15.69,1340406.0
2024-02-06 00:00:00+00:00,0.0,0.0,0.0,15.79,1177633.0
2024-02-07 00:00:00+00:00,0.0,0.0,0.0,15.79,1212763.0
2024-02-15 00:00:00+00:00,0.0,0.0,0.0,15.74,1199810.0
2024-02-16 00:00:00+00:00,0.0,0.0,0.0,15.74,1306613.0
2024-02-19 00:00:00+00:00,0.0,0.0,0.0,15.65,1716835.0
2024-02-20 00:00:00+00:00,0.0,0.0,0.0,15.92,2708617.0
2024-02-21 00:00:00+00:00,0.0,0.0,0.0,15.83,878476.0
2024-02-22 00:00:00+00:00,0.0,0.0,0.0,15.6,1137260.0
2024-02-23 00:00:00+00:00,0.0,0.0,0.0,15.06,2620174.0
2024-02-26 00:00:00+00:00,0.0,0.0,0.0,15.74,2081147.0
2024-02-27 00:00:00+00:00,0.0,0.0,0.0,15.83,1598658.0
2024-02-28 00:00:00+00:00,0.0,0.0,0.0,15.74,1121093.0
2024-02-29 00:00:00+00:00,0.0,0.0,0.0,15.88,2740656.0
2024-03-01 00:00:00+00:00,0.0,0.0,0.0,16.47,3490695.0
2024-03-04 00:00:00+00:00,0.0,0.0,0.0,16.47,1855453.0
2024-03-05 00:00:00+00:00,0.0,0.0,0.0,17.1,3115430.0
2024-03-06 00:00:00+00:00,0.0,0.0,0.0,17.38,3844314.0
2024-03-07 00:00:00+00:00,0.0,0.0,0.0,18.56,4335493.0
2024-03-08 00:00:00+00:00,0.0,0.0,0.0,19.11,5478863.0
2024-03-11 00:00:00+00:00,0.0,0.0,0.0,19.29,3088526.0
2024-03-12 00:00:00+00:00,0.0,0.0,0.0,19.02,2898076.0
2024-03-13 00:00:00+00:00,0.0,0.0,0.0,19.83,3897868.0
2024-03-14 00:00:00+00:00,0.0,0.0,0.0,19.42,3849549.0
2024-03-15 00:00:00+00:00,0.0,0.0,0.0,19.56,3016910.0
2024-03-18 00:00:00+00:00,0.0,0.0,0.0,18.33,6766885.0
2024-03-19 00:00:00+00:00,0.0,0.0,0.0,18.42,2085887.0
2024-03-20 00:00:00+00:00,0.0,0.0,0.0,18.88,1936446.0
2024-03-21 00:00:00+00:00,0.0,0.0,0.0,18.92,2967946.0
2024-03-22 00:00:00+00:00,0.0,0.0,0.0,19.2,3697260.0
2024-03-25 00:00:00+00:00,0.0,0.0,0.0,18.88,1952077.0
2024-03-26 00:00:00+00:00,0.0,0.0,0.0,19.2,1245585.0
2024-03-27 00:00:00+00:00,0.0,0.0,0.0,19.29,1411477.0
2024-03-28 00:00:00+00:00,0.0,0.0,0.0,20.61,5942894.0
2024-03-29 00:00:00+00:00,0.0,0.0,0.0,20.29,2389889.0
2024-04-01 00:00:00+00:00,0.0,0.0,0.0,20.15,1968083.0
2024-04-02 00:00:00+00:00,0.0,0.0,0.0,20.29,1879680.0
2024-04-03 00:00:00+00:00,0.0,0.0,0.0,19.83,3392278.0
2024-04-04 00:00:00+00:00,0.0,0.0,0.0,19.38,2605917.0
2024-04-05 00:00:00+00:00,0.0,0.0,0.0,18.65,3103559.0
2024-04-08 00:00:00+00:00,0.0,0.0,0.0,18.42,2280954.0
2024-04-09 00:00:00+00:00,0.0,0.0,0.0,19.15,1801842.0
2024-04-10 00:00:00+00:00,0.0,0.0,0.0,18.83,1264565.0
2024-04-11 00:00:00+00:00,0.0,0.0,0.0,19.06,1435238.0
2024-04-12 00:00:00+00:00,0.0,0.0,0.0,19.7,2278589.0
2024-04-15 00:00:00+00:00,0.0,0.0,0.0,18.33,5477730.0
2024-04-16 00:00:00+00:00,0.0,0.0,0.0,18.65,4297873.0
2024-04-17 00:00:00+00:00,0.0,0.0,0.0,17.88,2932285.0
2024-04-19 00:00:00+00:00,0.0,0.0,0.0,16.65,6263895.0
2024-04-22 00:00:00+00:00,0.0,0.0,0.0,17.29,2913697.0
2024-04-23 00:00:00+00:00,0.0,0.0,0.0,16.1,3430936.0
2024-04-24 00:00:00+00:00,0.0,0.0,0.0,16.83,2974162.0
2024-04-25 00:00:00+00:00,0.0,0.0,0.0,16.56,1979933.0
2024-04-26 00:00:00+00:00,0.0,0.0,0.0,16.38,1709572.0
2024-05-02 00:00:00+00:00,0.0,0.0,0.0,15.97,2162261.0
2024-05-03 00:00:00+00:00,0.0,0.0,0.0,16.19,1408734.0
2024-05-06 00:00:00+00:00,0.0,0.0,0.0,16.97,2468234.0
2024-05-07 00:00:00+00:00,0.0,0.0,0.0,16.88,1688663.0
2024-05-08 00:00:00+00:00,0.0,0.0,0.0,17.15,2646633.0
2024-05-09 00:00:00+00:00,0.0,0.0,0.0,16.97,1199473.0
2024-05-10 00:00:00+00:00,0.0,0.0,0.0,17.2,1485091.0
2024-05-13 00:00:00+00:00,0.0,0.0,0.0,17.38,2077765.0
2024-05-14 00:00:00+00:00,0.0,0.0,0.0,17.33,960665.0
2024-05-15 00:00:00+00:00,0.0,0.0,0.0,17.88,3148188.0
2024-05-16 00:00:00+00:00,0.0,0.0,0.0,17.92,1648045.0
2024-05-17 00:00:00+00:00,0.0,0.0,0.0,18.29,2315066.0
2024-05-20 00:00:00+00:00,0.0,0.0,0.0,18.29,1450995.0
2024-05-21 00:00:00+00:00,0.0,0.0,0.0,18.38,2308436.0
2024-05-22 00:00:00+00:00,0.0,0.0,0.0,18.61,3021132.0
2024-05-23 00:00:00+00:00,0.0,0.0,0.0,18.7,1892131.0
2024-05-24 00:00:00+00:00,0.0,0.0,0.0,17.88,3617257.0
2024-05-27 00:00:00+00:00,0.0,0.0,0.0,17.74,1216417.0
2024-05-28 00:00:00+00:00,0.0,0.0,0.0,18.42,1825745.0
2024-05-29 00:00:00+00:00,0.0,0.0,0.0,18.79,4324229.0
2024-05-30 00:00:00+00:00,0.0,0.0,0.0,19.83,5171790.0
2024-05-31 00:00:00+00:00,0.0,0.0,0.0,19.38,2255680.0
2024-06-03 00:00:00+00:00,0.0,0.0,0.0,19.61,1654832.0
2024-06-04 00:00:00+00:00,0.0,0.0,0.0,19.56,2220812.0
2024-06-05 00:00:00+00:00,0.0,0.0,0.0,19.61,2460907.0
2024-06-06 00:00:00+00:00,0.0,0.0,0.0,19.47,1725689.0
2024-06-07 00:00:00+00:00,0.0,0.0,0.0,19.83,1317454.0
2024-06-10 00:00:00+00:00,0.0,0.0,0.0,20.29,2983835.0
2024-06-11 00:00:00+00:00,0.0,0.0,0.0,20.88,4098140.0
2024-06-12 00:00:00+00:00,0.0,0.0,0.0,20.79,1965927.0
2024-06-13 00:00:00+00:00,0.0,0.0,0.0,20.47,1932299.0
2024-06-14 00:00:00+00:00,0.0,0.0,0.0,19.06,2972465.0
2024-06-17 00:00:00+00:00,0.0,0.0,0.0,19.29,2357458.0
2024-06-18 00:00:00+00:00,0.0,0.0,0.0,19.02,1609104.0
2024-06-19 00:00:00+00:00,0.0,0.0,0.0,19.29,2282286.0
2024-06-20 00:00:00+00:00,0.0,0.0,0.0,18.97,1240764.0
2024-06-21 00:00:00+00:00,0.0,0.0,0.0,18.7,1486950.0
2024-06-24 00:00:00+00:00,0.0,0.0,0.0,17.47,4600714.0
2024-06-25 00:00:00+00:00,0.0,0.0,0.0,17.7,997121.0
2024-06-26 00:00:00+00:00,0.0,0.0,0.0,17.65,1235541.0
2024-06-27 00:00:00+00:00,0.0,0.0,0.0,17.42,828634.0
2024-06-28 00:00:00+00:00,0.0,0.0,0.0,16.83,2611838.0
2024-07-01 00:00:00+00:00,0.0,0.0,0.0,17.38,865621.0
2024-07-02 00:00:00+00:00,0.0,0.0,0.0,17.56,870096.0
2024-07-03 00:00:00+00:00,0.0,0.0,0.0,17.51,629450.0
2024-07-04 00:00:00+00:00,0.0,0.0,0.0,17.38,964563.0
2024-07-05 00:00:00+00:00,0.0,0.0,0.0,17.38,1311618.0
2024-07-08 00:00:00+00:00,0.0,0.0,0.0,17.56,1008092.0
2024-07-09 00:00:00+00:00,0.0,0.0,0.0,18.01,1932655.0
2024-07-10 00:00:00+00:00,0.0,0.0,0.0,17.79,1082431.0
2024-07-11 00:00:00+00:00,0.0,0.0,0.0,17.92,1260975.0
2024-07-12 00:00:00+00:00,0.0,0.0,0.0,17.83,874012.0
2024-07-15 00:00:00+00:00,0.0,0.0,0.0,17.83,552618.0
2024-07-16 00:00:00+00:00,0.0,0.0,0.0,17.88,1346566.0
2024-07-17 00:00:00+00:00,0.0,0.0,0.0,17.24,1685429.0
2024-07-18 00:00:00+00:00,0.0,0.0,0.0,17.29,1303240.0
2024-07-19 00:00:00+00:00,0.0,0.0,0.0,16.74,1144805.0
2024-07-22 00:00:00+00:00,0.0,0.0,0.0,15.92,2634999.0
2024-07-23 00:00:00+00:00,0.0,0.0,0.0,15.74,892293.0
2024-07-24 00:00:00+00:00,0.0,0.0,0.0,16.01,1442945.0
2024-07-25 00:00:00+00:00,0.0,0.0,0.0,15.92,460481.0
2024-07-26 00:00:00+00:00,0.0,0.0,0.0,16.01,430544.0
2024-07-29 00:00:00+00:00,0.0,0.0,0.0,16.1,421485.0
2024-07-30 00:00:00+00:00,0.0,0.0,0.0,15.83,549753.0
2024-07-31 00:00:00+00:00,0.0,0.0,0.0,15.74,514927.0
2024-08-01 00:00:00+00:00,0.0,0.0,0.0,14.74,3060410.0
2024-08-02 00:00:00+00:00,0.0,0.0,0.0,15.47,1177540.0
2024-08-05 00:00:00+00:00,0.0,0.0,0.0,14.83,1174543.0
2024-08-06 00:00:00+00:00,0.0,0.0,0.0,15.38,1242800.0
2024-08-07 00:00:00+00:00,0.0,0.0,0.0,15.28,517799.0
2024-08-08 00:00:00+00:00,0.0,0.0,0.0,15.1,735684.0
2024-08-09 00:00:00+00:00,0.0,0.0,0.0,15.79,2188940.0
2024-08-12 00:00:00+00:00,0.0,0.0,0.0,15.83,577685.0
2024-08-13 00:00:00+00:00,0.0,0.0,0.0,15.6,1011344.0
2024-08-14 00:00:00+00:00,0.0,0.0,0.0,15.28,874623.0
2024-08-15 00:00:00+00:00,0.0,0.0,0.0,15.1,680664.0
2024-08-16 00:00:00+00:00,0.0,0.0,0.0,16.15,2562257.0
2024-08-19 00:00:00+00:00,0.0,0.0,0.0,16.65,1649991.0
2024-08-20 00:00:00+00:00,0.0,0.0,0.0,16.88,2358670.0
2024-08-21 00:00:00+00:00,0.0,0.0,0.0,16.83,1017247.0
2024-08-22 00:00:00+00:00,0.0,0.0,0.0,16.79,955864.0
2024-08-23 00:00:00+00:00,0.0,0.0,0.0,17.24,1562296.0
2024-08-26 00:00:00+00:00,0.0,0.0,0.0,17.1,1481890.0
2024-08-27 00:00:00+00:00,0.0,0.0,0.0,16.83,954271.0
2024-08-28 00:00:00+00:00,0.0,0.0,0.0,16.88,956124.0
2024-08-29 00:00:00+00:00,0.0,0.0,0.0,16.7,602703.0
2024-08-30 00:00:00+00:00,0.0,0.0,0.0,16.79,641516.0
2024-09-04 00:00:00+00:00,0.0,0.0,0.0,16.47,1150511.0
2024-09-05 00:00:00+00:00,0.0,0.0,0.0,16.42,994143.0
2024-09-06 00:00:00+00:00,0.0,0.0,0.0,16.42,522086.0
2024-09-09 00:00:00+00:00,0.0,0.0,0.0,16.38,431006.0
2024-09-10 00:00:00+00:00,0.0,0.0,0.0,16.15,861777.0
2024-09-11 00:00:00+00:00,0.0,0.0,0.0,16.01,1189160.0
2024-09-12 00:00:00+00:00,0.0,0.0,0.0,15.97,383463.0
2024-09-13 00:00:00+00:00,0.0,0.0,0.0,16.15,530775.0
2024-09-16 00:00:00+00:00,0.0,0.0,0.0,16.06,509519.0
2024-09-17 00:00:00+00:00,0.0,0.0,0.0,16.56,924457.0
2024-09-18 00:00:00+00:00,0.0,0.0,0.0,16.7,1558835.0
2024-09-19 00:00:00+00:00,0.0,0.0,0.0,16.74,710050.0
2024-09-20 00:00:00+00:00,0.0,0.0,0.0,16.83,784147.0
2024-09-23 00:00:00+00:00,0.0,0.0,0.0,16.65,732614.0
2024-09-24 00:00:00+00:00,0.0,0.0,0.0,16.83,433737.0
2024-09-25 00:00:00+00:00,0.0,0.0,0.0,17.15,1572262.0
2024-09-26 00:00:00+00:00,0.0,0.0,0.0,17.1,1361265.0
2024-09-27 00:00:00+00:00,0.0,0.0,0.0,17.29,1390459.0
2024-09-30 00:00:00+00:00,0.0,0.0,0.0,17.56,1656845.0
2024-10-01 00:00:00+00:00,0.0,0.0,0.0,17.88,2612445.0
2024-10-02 00:00:00+00:00,0.0,0.0,0.0,17.55,1260910.0
2024-10-03 00:00:00+00:00,0.0,0.0,0.0,17.12,2048933.0
2024-10-04 00:00:00+00:00,0.0,0.0,0.0,17.08,1002527.0
2024-10-07 00:00:00+00:00,0.0,0.0,0.0,17.36,634448.0
2024-10-08 00:00:00+00:00,0.0,0.0,0.0,17.31,1040695.0
2024-10-09 00:00:00+00:00,0.0,0.0,0.0,17.5,903537.0
2024-10-10 00:00:00+00:00,0.0,0.0,0.0,17.31,791670.0
2024-10-11 00:00:00+00:00,0.0,0.0,0.0,17.55,551061.0
2024-10-14 00:00:00+00:00,0.0,0.0,0.0,17.5,1067322.0
2024-10-15 00:00:00+00:00,0.0,0.0,0.0,17.12,920475.0
2024-10-16 00:00:00+00:00,0.0,0.0,0.0,17.12,564424.0
2024-10-17 00:00:00+00:00,0.0,0.0,0.0,17.22,1330289.0
2024-10-18 00:00:00+00:00,0.0,0.0,0.0,17.12,494186.0
2024-10-21 00:00:00+00:00,0.0,0.0,0.0,16.93,779298.0
2024-10-22 00:00:00+00:00,0.0,0.0,0.0,16.6,1235434.0
2024-10-23 00:00:00+00:00,0.0,0.0,0.0,16.7,502605.0
2024-10-24 00:00:00+00:00,0.0,0.0,0.0,16.51,450365.0
2024-10-25 00:00:00+00:00,0.0,0.0,0.0,16.6,342947.0
2024-10-28 00:00:00+00:00,0.0,0.0,0.0,16.84,315941.0
2024-10-29 00:00:00+00:00,0.0,0.0,0.0,16.84,325133.0
2024-10-30 00:00:00+00:00,0.0,0.0,0.0,16.75,247692.0
2024-10-31 00:00:00+00:00,0.0,0.0,0.0,16.79,254350.0
2024-11-01 00:00:00+00:00,0.0,0.0,0.0,16.7,375058.0
2024-11-04 00:00:00+00:00,0.0,0.0,0.0,16.7,555176.0
2024-11-05 00:00:00+00:00,0.0,0.0,0.0,16.7,238216.0
2024-11-06 00:00:00+00:00,0.0,0.0,0.0,17.31,857840.0
2024-11-07 00:00:00+00:00,0.0,0.0,0.0,17.17,536194.0
2024-11-08 00:00:00+00:00,0.0,0.0,0.0,17.17,709123.0
2024-11-11 00:00:00+00:00,0.0,0.0,0.0,16.98,511131.0
2024-11-12 00:00:00+00:00,0.0,0.0,0.0,16.98,532109.0
2024-11-13 00:00:00+00:00,0.0,0.0,0.0,16.79,765666.0
2024-11-14 00:00:00+00:00,0.0,0.0,0.0,16.08,933591.0
2024-11-15 00:00:00+00:00,0.0,0.0,0.0,15.42,1199560.0
2024-11-18 00:00:00+00:00,0.0,0.0,0.0,15.94,711447.0
2024-11-19 00:00:00+00:00,0.0,0.0,0.0,15.61,324717.0
2024-11-20 00:00:00+00:00,0.0,0.0,0.0,15.75,603792.0
2024-11-21 00:00:00+00:00,0.0,0.0,0.0,16.08,270206.0
2024-11-22 00:00:00+00:00,0.0,0.0,0.0,15.94,275764.0
2024-11-25 00:00:00+00:00,0.0,0.0,0.0,15.99,178397.0
2024-11-26 00:00:00+00:00,0.0,0.0,0.0,16.27,442723.0
2024-11-27 00:00:00+00:00,0.0,0.0,0.0,16.04,354874.0
2024-11-28 00:00:00+00:00,0.0,0.0,0.0,16.08,224050.0
2024-11-29 00:00:00+00:00,0.0,0.0,0.0,16.13,331940.0
2024-12-02 00:00:00+00:00,0.0,0.0,0.0,16.08,190720.0
2024-12-03 00:00:00+00:00,0.0,0.0,0.0,15.99,189108.0
2024-12-04 00:00:00+00:00,0.0,0.0,0.0,15.75,660046.0
2024-12-05 00:00:00+00:00,0.0,0.0,0.0,16.79,2093024.0
2024-12-06 00:00:00+00:00,0.0,0.0,0.0,16.7,1076506.0
2024-12-09 00:00:00+00:00,0.0,0.0,0.0,16.75,676736.0
2024-12-10 00:00:00+00:00,0.0,0.0,0.0,16.7,501942.0
2024-12-11 00:00:00+00:00,0.0,0.0,0.0,16.6,655562.0
2024-12-12 00:00:00+00:00,0.0,0.0,0.0,16.51,367531.0
2024-12-13 00:00:00+00:00,0.0,0.0,0.0,16.18,638590.0
2024-12-16 00:00:00+00:00,0.0,0.0,0.0,16.08,418277.0
2024-12-17 00:00:00+00:00,0.0,0.0,0.0,16.13,419417.0
2024-12-18 00:00:00+00:00,0.0,0.0,0.0,16.27,294764.0
2024-12-19 00:00:00+00:00,0.0,0.0,0.0,16.13,741758.0
2024-12-20 00:00:00+00:00,0.0,0.0,0.0,16.04,279282.0
2024-12-23 00:00:00+00:00,0.0,0.0,0.0,16.04,354310.0
2024-12-24 00:00:00+00:00,0.0,0.0,0.0,15.99,522485.0
2024-12-25 00:00:00+00:00,0.0,0.0,0.0,16.13,766953.0
2024-12-26 00:00:00+00:00,0.0,0.0,0.0,16.13,219001.0
2024-12-27 00:00:00+00:00,0.0,0.0,0.0,16.13,402443.0
2024-12-30 00:00:00+00:00,0.0,0.0,0.0,16.13,301131.0
2024-12-31 00:00:00+00:00,0.0,0.0,0.0,15.99,343778.0
2025-01-02 00:00:00+00:00,0.0,0.0,0.0,16.13,230227.0
2025-01-03 00:00:00+00:00,0.0,0.0,0.0,15.85,426355.0
2025-01-06 00:00:00+00:00,0.0,0.0,0.0,15.57,417664.0
2025-01-07 00:00:00+00:00,0.0,0.0,0.0,15.38,389473.0
2025-01-08 00:00:00+00:00,0.0,0.0,0.0,15.61,370586.0
2025-01-09 00:00:00+00:00,0.0,0.0,0.0,15.47,173539.0
2025-01-10 00:00:00+00:00,0.0,0.0,0.0,15.09,383676.0
2025-01-13 00:00:00+00:00,0.0,0.0,0.0,15.33,392690.0
2025-01-14 00:00:00+00:00,0.0,0.0,0.0,15.28,264585.0
2025-01-15 00:00:00+00:00,0.0,0.0,0.0,15.38,200707.0
2025-01-16 00:00:00+00:00,0.0,0.0,0.0,15.57,471300.0
2025-01-17 00:00:00+00:00,0.0,0.0,0.0,15.47,217502.0
2025-01-20 00:00:00+00:00,0.0,0.0,0.0,15.42,188363.0
2025-01-21 00:00:00+00:00,0.0,0.0,0.0,15.33,259015.0
2025-01-22 00:00:00+00:00,0.0,0.0,0.0,15.24,261214.0
2025-01-23 00:00:00+00:00,0.0,0.0,0.0,15.47,484542.0
2025-01-24 00:00:00+00:00,0.0,0.0,0.0,15.42,380340.0
2025-02-03 00:00:00+00:00,0.0,0.0,0.0,15.47,426262.0
2025-02-04 00:00:00+00:00,0.0,0.0,0.0,15.9,477822.0
2025-02-05 00:00:00+00:00,0.0,0.0,0.0,15.85,259071.0
2025-02-06 00:00:00+00:00,0.0,0.0,0.0,15.85,503229.0
2025-02-07 00:00:00+00:00,0.0,0.0,0.0,15.8,295922.0
2025-02-10 00:00:00+00:00,0.0,0.0,0.0,15.57,698752.0
2025-02-11 00:00:00+00:00,0.0,0.0,0.0,15.71,196148.0
2025-02-12 00:00:00+00:00,0.0,0.0,0.0,15.71,367419.0
2025-02-13 00:00:00+00:00,0.0,0.0,0.0,15.66,227157.0
2025-02-14 00:00:00+00:00,0.0,0.0,0.0,15.85,677597.0
2025-02-17 00:00:00+00:00,0.0,0.0,0.0,16.13,879636.0
2025-02-18 00:00:00+00:00,0.0,0.0,0.0,16.04,669848.0
2025-02-19 00:00:00+00:00,0.0,0.0,0.0,16.18,551158.0
2025-02-20 00:00:00+00:00,0.0,0.0,0.0,16.13,656699.0
2025-02-21 00:00:00+00:00,0.0,0.0,0.0,16.08,435473.0
2025-02-24 00:00:00+00:00,0.0,0.0,0.0,16.56,1221577.0
2025-02-25 00:00:00+00:00,0.0,0.0,0.0,16.65,1802189.0
2025-02-26 00:00:00+00:00,0.0,0.0,0.0,16.89,1981738.0
2025-02-27 00:00:00+00:00,0.0,0.0,0.0,16.89,939539.0
2025-02-28 00:00:00+00:00,0.0,0.0,0.0,16.98,1711333.0
2025-03-03 00:00:00+00:00,0.0,0.0,0.0,17.22,1998414.0
2025-03-04 00:00:00+00:00,0.0,0.0,0.0,16.98,1494507.0
2025-03-05 00:00:00+00:00,0.0,0.0,0.0,16.98,2225620.0
2025-03-06 00:00:00+00:00,0.0,0.0,0.0,17.55,2400559.0
2025-03-07 00:00:00+00:00,0.0,0.0,0.0,17.55,1164327.0
2025-03-10 00:00:00+00:00,0.0,0.0,0.0,17.31,2101620.0
2025-03-11 00:00:00+00:00,0.0,0.0,0.0,17.55,1674153.0
2025-03-12 00:00:00+00:00,0.0,0.0,0.0,17.59,1391207.0
2025-03-13 00:00:00+00:00,0.0,0.0,0.0,17.31,1395368.0
2025-03-14 00:00:00+00:00,0.0,0.0,0.0,17.22,800913.0
2025-03-17 00:00:00+00:00,0.0,0.0,0.0,17.36,742590.0
2025-03-18 00:00:00+00:00,0.0,0.0,0.0,17.22,528450.0
2025-03-19 00:00:00+00:00,0.0,0.0,0.0,17.31,734419.0
2025-03-20 00:00:00+00:00,0.0,0.0,0.0,17.55,1909294.0
2025-03-21 00:00:00+00:00,0.0,0.0,0.0,17.45,579679.0
2025-03-24 00:00:00+00:00,0.0,0.0,0.0,17.64,1015659.0
2025-03-25 00:00:00+00:00,0.0,0.0,0.0,17.26,1351650.0
2025-03-26 00:00:00+00:00,0.0,0.0,0.0,16.98,1505767.0
2025-03-27 00:00:00+00:00,0.0,0.0,0.0,16.79,748334.0
2025-03-28 00:00:00+00:00,0.0,0.0,0.0,16.84,1153093.0
2025-03-31 00:00:00+00:00,0.0,0.0,0.0,16.79,574203.0
2025-04-01 00:00:00+00:00,0.0,0.0,0.0,16.89,373968.0
2025-04-02 00:00:00+00:00,0.0,0.0,0.0,17.03,488277.0
2025-04-03 00:00:00+00:00,0.0,0.0,0.0,15.85,1691455.0
2025-04-04 00:00:00+00:00,0.0,0.0,0.0,14.86,2989509.0
2025-04-08 00:00:00+00:00,0.0,0.0,0.0,13.82,1124251.0
2025-04-09 00:00:00+00:00,0.0,0.0,0.0,12.88,3223678.0
2025-04-10 00:00:00+00:00,0.0,0.0,0.0,13.77,253185.0
2025-04-11 00:00:00+00:00,0.0,0.0,0.0,14.58,2225412.0
2025-04-14 00:00:00+00:00,0.0,0.0,0.0,14.81,1331553.0
2025-04-15 00:00:00+00:00,0.0,0.0,0.0,14.15,1262806.0
2025-04-16 00:00:00+00:00,0.0,0.0,0.0,14.2,556090.0
2025-04-17 00:00:00+00:00,0.0,0.0,0.0,14.15,842182.0
2025-04-18 00:00:00+00:00,0.0,0.0,0.0,14.25,872144.0
2025-04-21 00:00:00+00:00,0.0,0.0,0.0,13.73,1151186.0
2025-04-22 00:00:00+00:00,0.0,0.0,0.0,13.11,2056822.0
2025-04-23 00:00:00+00:00,0.0,0.0,0.0,13.49,557580.0
2025-04-24 00:00:00+00:00,0.0,0.0,0.0,13.77,737171.0
2025-04-25 00:00:00+00:00,0.0,0.0,0.0,13.77,505587.0
2025-04-28 00:00:00+00:00,0.0,0.0,0.0,13.82,580387.0
2025-04-29 00:00:00+00:00,0.0,0.0,0.0,13.87,370793.0
2025-05-05 00:00:00+00:00,0.0,0.0,0.0,14.01,386577.0
2025-05-06 00:00:00+00:00,0.0,0.0,0.0,14.01,728253.0
2025-05-07 00:00:00+00:00,0.0,0.0,0.0,13.96,552214.0
2025-05-08 00:00:00+00:00,0.0,0.0,0.0,14.25,723008.0
2025-05-09 00:00:00+00:00,0.0,0.0,0.0,14.15,684790.0
2025-05-12 00:00:00+00:00,0.0,0.0,0.0,14.06,579331.0
2025-05-13 00:00:00+00:00,0.0,0.0,0.0,14.34,785883.0
2025-05-14 00:00:00+00:00,0.0,0.0,0.0,14.48,1510642.0
2025-05-15 00:00:00+00:00,0.0,0.0,0.0,14.62,914589.0
2025-05-16 00:00:00+00:00,0.0,0.0,0.0,14.48,805605.0
2025-05-19 00:00:00+00:00,0.0,0.0,0.0,14.2,804640.0
2025-05-20 00:00:00+00:00,0.0,0.0,0.0,14.29,615188.0
2025-05-21 00:00:00+00:00,0.0,0.0,0.0,14.2,727410.0
2025-05-22 00:00:00+00:00,0.0,0.0,0.0,14.2,904866.0
2025-05-23 00:00:00+00:00,0.0,0.0,0.0,14.15,513140.0
2025-05-26 00:00:00+00:00,0.0,0.0,0.0,14.34,696442.0
2025-05-27 00:00:00+00:00,0.0,0.0,0.0,14.48,1209101.0
2025-05-28 00:00:00+00:00,0.0,0.0,0.0,14.53,1086354.0
2025-05-29 00:00:00+00:00,0.0,0.0,0.0,14.39,486132.0
2025-05-30 00:00:00+00:00,0.0,0.0,0.0,14.43,1351918.0
2025-06-02 00:00:00+00:00,0.0,0.0,0.0,14.8,768496.0
2025-06-03 00:00:00+00:00,0.0,0.0,0.0,15.2,2062941.0
2025-06-04 00:00:00+00:00,0.0,0.0,0.0,15.2,1027494.0
2025-06-05 00:00:00+00:00,0.0,0.0,0.0,15.0,786370.0
2025-06-06 00:00:00+00:00,0.0,0.0,0.0,14.7,819575.0
2025-06-09 00:00:00+00:00,0.0,0.0,0.0,14.65,678482.0
2025-06-10 00:00:00+00:00,0.0,0.0,0.0,14.65,406340.0
2025-06-11 00:00:00+00:00,0.0,0.0,0.0,14.7,269018.0
2025-06-12 00:00:00+00:00,0.0,0.0,0.0,14.75,429229.0
2025-06-13 00:00:00+00:00,0.0,0.0,0.0,14.4,1411100.0
2025-06-16 00:00:00+00:00,0.0,0.0,0.0,14.75,523000.0
2025-06-17 00:00:00+00:00,0.0,0.0,0.0,14.7,303000.0
2025-06-18 00:00:00+00:00,0.0,0.0,0.0,14.6,556800.0
2025-06-19 00:00:00+00:00,0.0,0.0,0.0,14.6,498300.0
2025-06-20 00:00:00+00:00,0.0,0.0,0.0,14.55,378900.0
2025-06-23 00:00:00+00:00,0.0,0.0,0.0,14.45,427500.0
2025-06-24 00:00:00+00:00,0.0,0.0,0.0,14.7,872500.0
2025-06-25 00:00:00+00:00,0.0,0.0,0.0,14.65,389700.0
2025-06-26 00:00:00+00:00,0.0,0.0,0.0,14.55,467100.0
2025-06-27 00:00:00+00:00,0.0,0.0,0.0,14.6,342200.0
2025-06-30 00:00:00+00:00,0.0,0.0,0.0,14.8,746300.0
2025-07-01 00:00:00+00:00,0.0,0.0,0.0,14.65,441400.0
2025-07-02 00:00:00+00:00,0.0,0.0,0.0,15.2,1765900.0
2025-07-03 00:00:00+00:00,0.0,0.0,0.0,15.0,2075100.0
2025-07-04 00:00:00+00:00,0.0,0.0,0.0,14.95,711100.0
2025-07-07 00:00:00+00:00,0.0,0.0,0.0,15.15,1129000.0
2025-07-08 00:00:00+00:00,0.0,0.0,0.0,15.3,1646000.0
2025-07-09 00:00:00+00:00,0.0,0.0,0.0,15.9,3194900.0
2025-07-10 00:00:00+00:00,0.0,0.0,0.0,15.7,1099500.0
2025-07-11 00:00:00+00:00,0.0,0.0,0.0,15.95,2353600.0
2025-07-14 00:00:00+00:00,0.0,0.0,0.0,16.35,2194600.0
2025-07-15 00:00:00+00:00,0.0,0.0,0.0,16.15,2964600.0
2025-07-16 00:00:00+00:00,0.0,0.0,0.0,16.25,1490600.0
2025-07-17 00:00:00+00:00,0.0,0.0,0.0,16.25,1829100.0
2025-07-18 00:00:00+00:00,0.0,0.0,0.0,16.4,1711600.0
2025-07-21 00:00:00+00:00,0.0,0.0,0.0,15.95,2399500.0
2025-07-22 00:00:00+00:00,0.0,0.0,0.0,16.35,1667700.0
2025-07-23 00:00:00+00:00,0.0,0.0,0.0,16.65,3284300.0
2025-07-24 00:00:00+00:00,0.0,0.0,0.0,16.55,1304700.0
2025-07-25 00:00:00+00:00,0.0,0.0,0.0,16.9,3698400.0
2025-07-28 00:00:00+00:00,0.0,0.0,0.0,18.05,3382300.0
2025-07-29 00:00:00+00:00,0.0,0.0,0.0,17.1,6770500.0
2025-07-30 00:00:00+00:00,0.0,0.0,0.0,17.6,3463600.0
2025-07-31 00:00:00+00:00,0.0,0.0,0.0,17.9,2458600.0
2025-08-01 00:00:00+00:00,0.0,0.0,0.0,17.2,3393300.0
2025-08-04 00:00:00+00:00,0.0,0.0,0.0,17.55,1449400.0
2025-08-05 00:00:00+00:00,0.0,0.0,0.0,17.35,5118900.0
2025-08-06 00:00:00+00:00,0.0,0.0,0.0,17.8,1544100.0
2025-08-07 00:00:00+00:00,0.0,0.0,0.0,18.4,3334900.0
2025-08-08 00:00:00+00:00,0.0,0.0,0.0,18.2,2749800.0
2025-08-11 00:00:00+00:00,0.0,0.0,0.0,18.4,2647200.0
2025-08-12 00:00:00+00:00,0.0,0.0,0.0,18.2,2170300.0
2025-08-13 00:00:00+00:00,0.0,0.0,0.0,18.45,4051500.0
2025-08-14 00:00:00+00:00,0.0,0.0,0.0,18.65,3490500.0
2025-08-15 00:00:00+00:00,0.0,0.0,0.0,18.2,2575300.0
2025-08-18 00:00:00+00:00,0.0,0.0,0.0,18.65,2795000.0
2025-08-19 00:00:00+00:00,0.0,0.0,0.0,19.05,3977200.0
2025-08-20 00:00:00+00:00,0.0,0.0,0.0,18.4,2517700.0
2025-08-21 00:00:00+00:00,0.0,0.0,0.0,18.25,1873700.0
2025-08-22 00:00:00+00:00,0.0,0.0,0.0,17.05,3469600.0
2025-08-25 00:00:00+00:00,0.0,0.0,0.0,16.9,1329100.0
2025-08-26 00:00:00+00:00,0.0,0.0,0.0,17.8,1441200.0
2025-08-27 00:00:00+00:00,0.0,0.0,0.0,17.45,1857400.0
2025-08-28 00:00:00+00:00,0.0,0.0,0.0,18.0,1849200.0
2025-08-29 00:00:00+00:00,0.0,0.0,0.0,19.25,6477600.0
2025-09-03 00:00:00+00:00,0.0,0.0,0.0,20.55,4985200.0
2025-09-04 00:00:00+00:00,0.0,0.0,0.0,20.45,2773500.0
2025-09-05 00:00:00+00:00,0.0,0.0,0.0,19.05,3911300.0
2025-09-08 00:00:00+00:00,0.0,0.0,0.0,18.1,4127300.0
2025-09-09 00:00:00+00:00,0.0,0.0,0.0,18.55,2038900.0
2025-09-10 00:00:00+00:00,0.0,0.0,0.0,18.2,1296900.0
2025-09-11 00:00:00+00:00,0.0,0.0,0.0,18.4,2276400.0
2025-09-12 00:00:00+00:00,0.0,0.0,0.0,18.35,1148800.0
2025-09-15 00:00:00+00:00,0.0,0.0,0.0,19.0,1605300.0
2025-09-16 00:00:00+00:00,0.0,0.0,0.0,18.5,1870100.0
2025-09-17 00:00:00+00:00,0.0,0.0,0.0,18.05,1284700.0
2025-09-18 00:00:00+00:00,0.0,0.0,0.0,17.95,1060300.0
2025-09-19 00:00:00+00:00,0.0,0.0,0.0,17.9,628500.0
2025-09-22 00:00:00+00:00,0.0,0.0,0.0,17.35,1290700.0
2025-09-23 00:00:00+00:00,0.0,0.0,0.0,17.35,569200.0
2025-09-24 00:00:00+00:00,0.0,0.0,0.0,17.9,684700.0
2025-09-25 00:00:00+00:00,0.0,0.0,0.0,17.85,953500.0
2025-09-26 00:00:00+00:00,0.0,0.0,0.0,17.45,898900.0
2025-09-29 00:00:00+00:00,0.0,0.0,0.0,17.35,631400.0
2025-09-30 00:00:00+00:00,0.0,0.0,0.0,17.4,1083800.0
2025-10-01 00:00:00+00:00,0.0,0.0,0.0,17.5,465500.0
2025-10-02 00:00:00+00:00,0.0,0.0,0.0,17.1,496600.0
2025-10-03 00:00:00+00:00,0.0,0.0,0.0,17.0,859000.0
2025-10-06 00:00:00+00:00,0.0,0.0,0.0,18.15,1721400.0
2025-10-07 00:00:00+00:00,0.0,0.0,0.0,17.8,731800.0
2025-10-08 00:00:00+00:00,0.0,0.0,0.0,17.75,970900.0
2025-10-09 00:00:00+00:00,0.0,0.0,0.0,17.65,724100.0
2025-10-10 00:00:00+00:00,0.0,0.0,0.0,17.65,670900.0
2025-10-13 00:00:00+00:00,0.0,0.0,0.0,17.45,1040100.0
2025-10-14 00:00:00+00:00,0.0,0.0,0.0,17.35,939000.0
2025-10-15 00:00:00+00:00,0.0,0.0,0.0,17.35,787000.0
2025-10-16 00:00:00+00:00,0.0,0.0,0.0,17.35,662900.0
2025-10-17 00:00:00+00:00,0.0,0.0,0.0,17.2,912800.0
2025-10-20 00:00:00+00:00,0.0,0.0,0.0,16.0,1501500.0
2025-10-21 00:00:00+00:00,0.0,0.0,0.0,15.9,1551500.0
2025-10-22 00:00:00+00:00,0.0,0.0,0.0,16.2,589500.0
2025-10-23 00:00:00+00:00,0.0,0.0,0.0,16.0,334900.0
2025-10-24 00:00:00+00:00,0.0,0.0,0.0,15.85,418800.0
2025-10-27 00:00:00+00:00,0.0,0.0,0.0,16.0,616000.0
2025-10-28 00:00:00+00:00,0.0,0.0,0.0,16.2,458600.0
2025-10-29 00:00:00+00:00,0.0,0.0,0.0,16.25,413200.0
2025-10-30 00:00:00+00:00,0.0,0.0,0.0,16.15,350100.0
2025-10-31 00:00:00+00:00,0.0,0.0,0.0,16.05,272500.0
2025-11-03 00:00:00+00:00,0.0,0.0,0.0,15.6,994200.0
2025-11-04 00:00:00+00:00,0.0,0.0,0.0,16.3,871100.0
2025-11-05 00:00:00+00:00,0.0,0.0,0.0,15.95,434100.0
2025-11-06 00:00:00+00:00,0.0,0.0,0.0,15.75,199100.0
2025-11-07 00:00:00+00:00,0.0,0.0,0.0,15.45,600400.0
2025-11-10 00:00:00+00:00,0.0,0.0,0.0,15.5,338300.0
2025-11-11 00:00:00+00:00,0.0,0.0,0.0,15.55,390000.0
2025-11-12 00:00:00+00:00,0.0,0.0,0.0,16.0,547400.0
2025-11-13 00:00:00+00:00,0.0,0.0,0.0,15.75,278900.0
2025-11-14 00:00:00+00:00,0.0,0.0,0.0,15.8,351900.0
2025-11-17 00:00:00+00:00,0.0,0.0,0.0,15.95,217400.0
2025-11-18 00:00:00+00:00,0.0,0.0,0.0,15.95,406400.0
2025-11-19 00:00:00+00:00,0.0,0.0,0.0,15.65,482400.0
2025-11-20 00:00:00+00:00,0.0,0.0,0.0,15.65,243200.0
2025-11-21 00:00:00+00:00,0.0,0.0,0.0,15.5,265800.0
2025-11-24 00:00:00+00:00,0.0,0.0,0.0,15.5,236200.0
2025-11-25 00:00:00+00:00,0.0,0.0,0.0,15.25,491400.0
2025-11-26 00:00:00+00:00,0.0,0.0,0.0,15.35,314000.0
2025-11-27 00:00:00+00:00,0.0,0.0,0.0,15.35,291500.0
2025-11-28 00:00:00+00:00,0.0,0.0,0.0,15.25,195600.0
2025-12-01 00:00:00+00:00,0.0,0.0,0.0,15.25,287500.0
2025-12-02 00:00:00+00:00,0.0,0.0,0.0,15.25,388300.0
2025-12-03 00:00:00+00:00,0.0,0.0,0.0,15.4,357300.0
2025-12-04 00:00:00+00:00,0.0,0.0,0.0,15.5,653700.0
2025-12-05 00:00:00+00:00,0.0,0.0,0.0,15.35,247100.0
2025-12-08 00:00:00+00:00,0.0,0.0,0.0,15.25,293200.0
2025-12-09 00:00:00+00:00,0.0,0.0,0.0,15.0,837000.0
2025-12-10 00:00:00+00:00,0.0,0.0,0.0,16.05,1536800.0
2025-12-11 00:00:00+00:00,0.0,0.0,0.0,15.75,488200.0
2025-12-12 00:00:00+00:00,0.0,0.0,0.0,15.5,1788700.0
2025-12-15 00:00:00+00:00,0.0,0.0,0.0,15.45,598000.0
2025-12-16 00:00:00+00:00,0.0,0.0,0.0,15.85,761300.0
2025-12-17 00:00:00+00:00,0.0,0.0,0.0,15.6,349900.0
2025-12-18 00:00:00+00:00,0.0,0.0,0.0,16.55,2045200.0
2025-12-19 00:00:00+00:00,0.0,0.0,0.0,16.55,1645600.0
2025-12-22 00:00:00+00:00,0.0,0.0,0.0,16.7,1027100.0
2025-12-23 00:00:00+00:00,0.0,0.0,0.0,16.25,550700.0
2025-12-24 00:00:00+00:00,0.0,0.0,0.0,16.5,858700.0
2025-12-25 00:00:00+00:00,0.0,0.0,0.0,16.35,804200.0
2025-12-26 00:00:00+00:00,0.0,0.0,0.0,16.45,855900.0
2025-12-29 00:00:00+00:00,0.0,0.0,0.0,16.15,669800.0
2025-12-30 00:00:00+00:00,0.0,0.0,0.0,16.15,221200.0
2025-12-31 00:00:00+00:00,0.0,0.0,0.0,16.1,265500.0
2026-01-05 00:00:00+00:00,0.0,0.0,0.0,15.35,1040800.0
2026-01-06 00:00:00+00:00,0.0,0.0,0.0,15.4,837700.0
2026-01-07 00:00:00+00:00,0.0,0.0,0.0,15.75,413100.0
2026-01-08 00:00:00+00:00,0.0,0.0,0.0,16.15,1508400.0
2026-01-09 00:00:00+00:00,0.0,0.0,0.0,16.6,1793600.0
2026-01-12 00:00:00+00:00,0.0,0.0,0.0,17.75,2945000.0
2026-01-13 00:00:00+00:00,0.0,0.0,0.0,17.8,2822900.0
2026-01-14 00:00:00+00:00,0.0,0.0,0.0,18.1,3525300.0
2026-01-15 00:00:00+00:00,0.0,0.0,0.0,17.9,1928200.0
2026-01-16 00:00:00+00:00,0.0,0.0,0.0,17.9,2842400.0
2026-01-19 00:00:00+00:00,0.0,0.0,0.0,17.7,1171000.0
2026-01-20 00:00:00+00:00,0.0,0.0,0.0,17.0,2008400.0
2026-01-21 00:00:00+00:00,0.0,0.0,0.0,16.15,2923500.0
2026-01-22 00:00:00+00:00,0.0,0.0,0.0,16.35,985200.0
2026-01-23 00:00:00+00:00,0.0,0.0,0.0,16.25,907600.0
2026-01-26 00:00:00+00:00,0.0,0.0,0.0,15.9,1230300.0
2026-01-27 00:00:00+00:00,0.0,0.0,0.0,15.95,477100.0
2026-01-28 00:00:00+00:00,0.0,0.0,0.0,16.0,669600.0
2026-01-29 00:00:00+00:00,0.0,0.0,0.0,16.15,376200.0
2026-01-30 00:00:00+00:00,0.0,0.0,0.0,16.25,895700.0
2026-02-02 00:00:00+00:00,0.0,0.0,0.0,15.95,578800.0
2026-02-03 00:00:00+00:00,0.0,0.0,0.0,16.1,814900.0
2026-02-04 00:00:00+00:00,0.0,0.0,0.0,16.25,710300.0
2026-02-05 00:00:00+00:00,0.0,0.0,0.0,16.15,530200.0
2026-02-06 00:00:00+00:00,0.0,0.0,0.0,15.6,999500.0
2026-02-09 00:00:00+00:00,0.0,0.0,0.0,15.8,484500.0
2026-02-10 00:00:00+00:00,0.0,0.0,0.0,15.9,322900.0
2026-02-11 00:00:00+00:00,0.0,0.0,0.0,16.15,609300.0
2026-02-12 00:00:00+00:00,0.0,0.0,0.0,16.1,178000.0
2026-02-13 00:00:00+00:00,0.0,0.0,0.0,16.4,896700.0
2026-02-23 00:00:00+00:00,0.0,0.0,0.0,16.6,822200.0
2026-02-24 00:00:00+00:00,0.0,0.0,0.0,16.75,1499800.0
2026-02-25 00:00:00+00:00,0.0,0.0,0.0,16.75,654500.0
2026-02-26 00:00:00+00:00,0.0,0.0,0.0,16.7,684400.0
2026-02-27 00:00:00+00:00,0.0,0.0,0.0,16.7,649300.0
2026-03-02 00:00:00+00:00,0.0,0.0,0.0,16.05,1177600.0
2026-03-03 00:00:00+00:00,0.0,0.0,0.0,16.05,966100.0
2026-03-04 00:00:00+00:00,0.0,0.0,0.0,16.8,1708100.0
2026-03-05 00:00:00+00:00,0.0,0.0,0.0,16.9,2942500.0
2026-03-06 00:00:00+00:00,0.0,0.0,0.0,15.75,2719700.0
2026-03-09 00:00:00+00:00,0.0,0.0,0.0,14.65,1338400.0
2026-03-10 00:00:00+00:00,0.0,0.0,0.0,14.9,1781800.0
2026-03-11 00:00:00+00:00,0.0,0.0,0.0,15.25,948300.0
2026-03-12 00:00:00+00:00,0.0,0.0,0.0,14.8,576500.0
2026-03-13 00:00:00+00:00,0.0,0.0,0.0,14.6,892000.0
2026-03-16 00:00:00+00:00,0.0,0.0,0.0,14.7,512900.0
2026-03-17 00:00:00+00:00,0.0,0.0,0.0,14.85,489200.0
2026-03-18 00:00:00+00:00,0.0,0.0,0.0,14.75,465500.0
2026-03-19 00:00:00+00:00,0.0,0.0,0.0,14.5,440500.0
2026-03-20 00:00:00+00:00,0.0,0.0,0.0,14.4,347500.0
2026-03-23 00:00:00+00:00,0.0,0.0,0.0,13.4,1183600.0
2026-03-24 00:00:00+00:00,0.0,0.0,0.0,13.8,377600.0
2026-03-25 00:00:00+00:00,0.0,0.0,0.0,14.2,420100.0
2026-03-26 00:00:00+00:00,0.0,0.0,0.0,14.2,272900.0
2026-03-27 00:00:00+00:00,0.0,0.0,0.0,14.55,462000.0
2026-03-30 00:00:00+00:00,0.0,0.0,0.0,14.35,219900.0
2026-03-31 00:00:00+00:00,0.0,0.0,0.0,14.7,741100.0
2026-04-01 00:00:00+00:00,0.0,0.0,0.0,14.9,762300.0
2026-04-02 00:00:00+00:00,0.0,0.0,0.0,14.65,429200.0
2026-04-03 00:00:00+00:00,0.0,0.0,0.0,14.6,285000.0
2026-04-06 00:00:00+00:00,0.0,0.0,0.0,14.3,219100.0
2026-04-07 00:00:00+00:00,0.0,0.0,0.0,14.55,195600.0
2026-04-08 00:00:00+00:00,0.0,0.0,0.0,15.3,1084800.0
2026-04-09 00:00:00+00:00,0.0,0.0,0.0,15.0,365100.0
2026-04-10 00:00:00+00:00,0.0,0.0,0.0,14.95,357000.0
2026-04-13 00:00:00+00:00,0.0,0.0,0.0,14.95,349800.0
2026-04-14 00:00:00+00:00,0.0,0.0,0.0,15.05,289400.0
2026-04-15 00:00:00+00:00,0.0,0.0,0.0,14.95,471500.0
2026-04-16 00:00:00+00:00,0.0,0.0,0.0,14.9,223800.0
2026-04-17 00:00:00+00:00,0.0,0.0,0.0,14.85,319800.0
2026-04-20 00:00:00+00:00,0.0,0.0,0.0,14.85,221000.0
2026-04-21 00:00:00+00:00,0.0,0.0,0.0,14.6,267800.0
2026-04-22 00:00:00+00:00,0.0,0.0,0.0,14.7,217700.0
2026-04-23 00:00:00+00:00,0.0,0.0,0.0,14.6,244500.0
2026-04-24 00:00:00+00:00,0.0,0.0,0.0,14.55,190900.0
2026-04-28 00:00:00+00:00,0.0,0.0,0.0,14.45,137300.0
2026-04-29 00:00:00+00:00,0.0,0.0,0.0,14.5,122100.0
2026-05-04 00:00:00+00:00,0.0,0.0,0.0,14.55,164700.0
2026-05-05 00:00:00+00:00,0.0,0.0,0.0,14.4,162600.0
2026-05-06 00:00:00+00:00,0.0,0.0,0.0,14.8,468200.0
2026-05-07 00:00:00+00:00,0.0,0.0,0.0,14.75,301400.0
2026-05-08 00:00:00+00:00,0.0,0.0,0.0,14.65,226200.0
2026-05-11 00:00:00+00:00,0.0,0.0,0.0,14.65,370400.0
2026-05-12 00:00:00+00:00,0.0,0.0,0.0,14.55,243600.0
2026-05-13 00:00:00+00:00,0.0,0.0,0.0,14.5,219100.0
2026-05-14 00:00:00+00:00,0.0,0.0,0.0,14.55,207900.0
2026-05-15 00:00:00+00:00,0.0,0.0,0.0,14.6,189800.0
2026-05-18 00:00:00+00:00,0.0,0.0,0.0,14.65,197700.0
2026-05-19 00:00:00+00:00,0.0,0.0,0.0,14.7,423000.0
2026-05-20 00:00:00+00:00,0.0,0.0,0.0,14.45,443500.0
2026-05-21 00:00:00+00:00,0.0,0.0,0.0,14.35,147600.0
2026-05-22 00:00:00+00:00,0.0,0.0,0.0,14.6,352300.0
2026-05-25 00:00:00+00:00,0.0,0.0,0.0,14.6,145900.0
2026-05-26 00:00:00+00:00,0.0,0.0,0.0,14.75,333700.0
2026-05-27 00:00:00+00:00,0.0,0.0,0.0,14.7,195300.0
2026-05-28 00:00:00+00:00,0.0,0.0,0.0,14.65,218800.0
2026-05-29 00:00:00+00:00,0.0,0.0,0.0,14.45,213800.0
2026-06-01 00:00:00+00:00,0.0,0.0,0.0,14.55,149600.0
2026-06-02 00:00:00+00:00,0.0,0.0,0.0,14.3,337800.0
2026-06-03 00:00:00+00:00,0.0,0.0,0.0,14.3,112400.0
2026-06-04 00:00:00+00:00,0.0,0.0,0.0,14.3,109800.0
2026-06-05 00:00:00+00:00,0.0,0.0,0.0,14.2,184200.0
2026-06-08 00:00:00+00:00,0.0,0.0,0.0,13.9,288500.0
2026-06-09 00:00:00+00:00,0.0,0.0,0.0,13.95,137500.0
2026-06-10 00:00:00+00:00,0.0,0.0,0.0,14.1,137900.0
2026-06-11 00:00:00+00:00,0.0,0.0,0.0,13.95,132700.0
2026-06-12 00:00:00+00:00,0.0,0.0,0.0,13.95,185700.0
2026-06-15 00:00:00+00:00,0.0,0.0,0.0,14.4,353100.0
2026-06-16 00:00:00+00:00,0.0,0.0,0.0,14.95,918100.0
2026-06-17 00:00:00+00:00,0.0,0.0,0.0,15.0,508900.0
2026-06-18 00:00:00+00:00,0.0,0.0,0.0,14.75,346000.0
2026-06-19 00:00:00+00:00,0.0,0.0,0.0,15.05,1172700.0
2026-06-22 00:00:00+00:00,0.0,0.0,0.0,14.8,322100.0
2026-06-23 00:00:00+00:00,0.0,0.0,0.0,14.6,657200.0
2026-06-24 00:00:00+00:00,0.0,0.0,0.0,14.6,363500.0
2026-06-25 00:00:00+00:00,0.0,0.0,0.0,14.65,202900.0
